{
    "width": 1280,
    "height": 720,
    "intrinsic_matrix": [
        650.148193359375,
        0,
        0,
        0,
        649.3211669921875,
        0,
        628.5097045898438,
        358.24041748046875,
        1
    ]
}