{
    "width": 848,
    "height": 480,
    "intrinsic_matrix": [
        433.4320983886719,
        0,
        0,
        0,
        432.88079833984375,
        0,
        416.3398132324219,
        238.8269500732422,
        1
    ]
}